StartDate,EndDate,Status,IPAddress,Progress,Duration (in seconds),Finished,RecordedDate,ResponseId,RecipientLastName,RecipientFirstName,RecipientEmail,ExternalReference,LocationLatitude,LocationLongitude,DistributionChannel,UserLanguage,Elig1,CSAT,Churn,Drivers_1,Drivers_2,Drivers_3,Drivers_4,Drivers_5,Drivers_6,Drivers_7,Drivers_8,Drivers_9,Drivers_10,Age,Gender,Gender_4_TEXT,Education,Employment,Income,Marital,Spanish_Hispanic_Latino,Race,Household,Zip,QState_Zip
Start Date,End Date,Response Type,IP Address,Progress,Duration (in seconds),Finished,Recorded Date,Response ID,Recipient Last Name,Recipient First Name,Recipient Email,External Data Reference,Location Latitude,Location Longitude,Distribution Channel,User Language,Eligibility,Satisfaction with a product or service,Churn: Likelihood to switch to a new brand,Drivers - Time required to cook,Drivers - Ease of cooking instructions,Drivers - Quality of ingredients,Drivers - Value for the cost,Drivers - Website experience,Drivers - Taste/flavor of meals,Drivers - Variety over time,Drivers - Portion size,Drivers - Availability of offerings that meet your nutritional needs,Drivers - Shipping & packaging,How old are you?,How do you describe yourself? - Selected Choice,How do you describe yourself? - Prefer to self-describe - Text,What is the highest level of education you have completed?,What best describes your employment status over the last three months?,What was your total household income before taxes during the past 12 months?,What is your current marital status?,"Are you of Spanish, Hispanic, or Latino origin?",Choose one or more races that you consider yourself to be:,How many people live or stay in this household at least half the time?,What is your ZIP code?,QState_Zip
"{""ImportId"":""startDate"",""timeZone"":""America/Denver""}","{""ImportId"":""endDate"",""timeZone"":""America/Denver""}","{""ImportId"":""status""}","{""ImportId"":""ipAddress""}","{""ImportId"":""progress""}","{""ImportId"":""duration""}","{""ImportId"":""finished""}","{""ImportId"":""recordedDate"",""timeZone"":""America/Denver""}","{""ImportId"":""_recordId""}","{""ImportId"":""recipientLastName""}","{""ImportId"":""recipientFirstName""}","{""ImportId"":""recipientEmail""}","{""ImportId"":""externalDataReference""}","{""ImportId"":""locationLatitude""}","{""ImportId"":""locationLongitude""}","{""ImportId"":""distributionChannel""}","{""ImportId"":""userLanguage""}","{""ImportId"":""QID15""}","{""ImportId"":""QID2""}","{""ImportId"":""QID4""}","{""ImportId"":""QID6_1""}","{""ImportId"":""QID6_2""}","{""ImportId"":""QID6_3""}","{""ImportId"":""QID6_4""}","{""ImportId"":""QID6_5""}","{""ImportId"":""QID6_6""}","{""ImportId"":""QID6_7""}","{""ImportId"":""QID6_8""}","{""ImportId"":""QID6_9""}","{""ImportId"":""QID6_10""}","{""ImportId"":""QID8""}","{""ImportId"":""QID7""}","{""ImportId"":""QID7_4_TEXT""}","{""ImportId"":""QID10""}","{""ImportId"":""QID17""}","{""ImportId"":""QID14""}","{""ImportId"":""QID11""}","{""ImportId"":""QID12""}","{""ImportId"":""QID13""}","{""ImportId"":""QID18_TEXT""}","{""ImportId"":""QID9_TEXT""}","{""ImportId"":""QState_Zip""}"
2021-06-15 09:39:36,2021-06-15 09:39:36,Imported,,,,True,2023-11-19 13:14:06,R_0AjqaahTMbqFOJM,,,,,,,,,"YumYum,HelloFresh",Somewhat satisfied,Might or might not,Very satisfied,Very satisfied,Somewhat dissatisfied,Very satisfied,Neither satisfied nor dissatisfied,Very satisfied,Very satisfied,Somewhat satisfied,Somewhat satisfied,Very dissatisfied,25-34 years old,Male,,"Graduate or professional degree (MA, MS, MBA, PhD, JD, MD, DDS)",Working full-time,"$150,000 or more ",Never been married,No,White,1,78516,TX
2021-06-15 09:39:36,2021-06-15 09:39:36,Imported,,,,True,2023-11-19 13:14:06,R_0DkMCR86tPk28po,,,,,,,,,"YumYum,Hungryroot",Neither satisfied nor dissatisfied,Might or might not,Very satisfied,Very satisfied,Neither satisfied nor dissatisfied,Very satisfied,Very dissatisfied,Somewhat dissatisfied,Somewhat satisfied,Somewhat satisfied,Very satisfied,Very satisfied,65+ years old,Male,,Associates or technical degree,Retired,"$50,000-$74,999",Widowed,Yes,Black or African American,1,78239,TX
2021-06-15 09:39:36,2021-06-15 09:39:36,Imported,,,,True,2023-11-19 13:14:06,R_0GnHfUHBaxPuPie,,,,,,,,,YumYum,Neither satisfied nor dissatisfied,Probably will not,Neither satisfied nor dissatisfied,Somewhat satisfied,Somewhat satisfied,Somewhat satisfied,Very dissatisfied,Neither satisfied nor dissatisfied,Somewhat satisfied,Somewhat satisfied,Somewhat satisfied,Very satisfied,25-34 years old,Male,,Bachelor’s degree,Working full-time,"$25,000-$49,999",Living with a partner,No,Asian,2,75638,TX
2021-06-15 09:39:36,2021-06-15 09:39:36,Imported,,,,True,2023-11-19 13:14:06,R_0k7zoVzhBSQjDkW,,,,,,,,,YumYum,Very dissatisfied,Definitely will,Very dissatisfied,Somewhat dissatisfied,Very dissatisfied,Somewhat satisfied,Somewhat satisfied,Very dissatisfied,Very satisfied,Somewhat satisfied,Somewhat satisfied,Neither satisfied nor dissatisfied,18-24 years old,Male,,Bachelor’s degree,Student,"$50,000-$74,999",Married,No,White,3,73078,OK
2021-06-15 09:39:36,2021-06-15 09:39:36,Imported,,,,True,2023-11-19 13:14:06,R_0qDUtHlXFM7pCXc,,,,,,,,,"YumYum,HelloFresh,Hungryroot",Very satisfied,Might or might not,Somewhat satisfied,Somewhat satisfied,Very satisfied,Very satisfied,Somewhat dissatisfied,Neither satisfied nor dissatisfied,Very dissatisfied,Very dissatisfied,Somewhat dissatisfied,Somewhat dissatisfied,25-34 years old,Female,,"Graduate or professional degree (MA, MS, MBA, PhD, JD, MD, DDS)",Working full-time,"$150,000 or more ",Never been married,No,Asian,1,32222,FL
2021-06-15 09:39:36,2021-06-15 09:39:36,Imported,,,,True,2023-11-19 13:14:06,R_1H5mGgPc2oAUjRQ,,,,,,,,,"YumYum,HelloFresh,Blue Apron",Neither satisfied nor dissatisfied,Probably will not,Somewhat dissatisfied,Neither satisfied nor dissatisfied,Very dissatisfied,Neither satisfied nor dissatisfied,Neither satisfied nor dissatisfied,Somewhat dissatisfied,Somewhat satisfied,Neither satisfied nor dissatisfied,Somewhat satisfied,Somewhat dissatisfied,25-34 years old,Female,,Bachelor’s degree,Working full-time,"$25,000-$49,999",Never been married,No,White,1,60612,IL
2021-06-15 09:39:36,2021-06-15 09:39:36,Imported,,,,True,2023-11-19 13:14:06,R_1HVLMiuK9GMMu5E,,,,,,,,,YumYum,Neither satisfied nor dissatisfied,Probably will,Somewhat satisfied,Neither satisfied nor dissatisfied,Very dissatisfied,Somewhat satisfied,Very satisfied,Somewhat dissatisfied,Neither satisfied nor dissatisfied,Very satisfied,Somewhat satisfied,Somewhat satisfied,55-64 years old,Male,,"Graduate or professional degree (MA, MS, MBA, PhD, JD, MD, DDS)",A homemaker or stay-at-home parent,"$150,000 or more ",Married,Yes,Black or African American,2,2726,MA
2021-06-15 09:39:36,2021-06-15 09:39:36,Imported,,,,True,2023-11-19 13:14:06,R_1Lf4bAhyQ41Ouoe,,,,,,,,,YumYum,Very dissatisfied,Probably will,Very dissatisfied,Somewhat dissatisfied,Somewhat dissatisfied,Neither satisfied nor dissatisfied,Neither satisfied nor dissatisfied,Neither satisfied nor dissatisfied,Very satisfied,Neither satisfied nor dissatisfied,Neither satisfied nor dissatisfied,Very satisfied,55-64 years old,Male,,Associates or technical degree,Working full-time,"$25,000-$49,999",Married,No,,2,55303,MN
2021-06-15 09:39:36,2021-06-15 09:39:36,Imported,,,,True,2023-11-19 13:14:06,R_1ZVpXwFmf5rBypo,,,,,,,,,YumYum,Somewhat satisfied,Might or might not,Very satisfied,Very satisfied,Neither satisfied nor dissatisfied,Very satisfied,Neither satisfied nor dissatisfied,Somewhat satisfied,Very satisfied,Very satisfied,Very satisfied,Neither satisfied nor dissatisfied,25-34 years old,Male,,Bachelor’s degree,Working full-time,"$150,000 or more ",Married,No,Native Hawaiian or Other Pacific Islander,4,78520,TX
2021-06-15 09:39:36,2021-06-15 09:39:36,Imported,,,,True,2023-11-19 13:14:06,R_23GuiYibeutX4NM,,,,,,,,,"YumYum,Dinnerly",Very satisfied,Probably will not,Very satisfied,Very satisfied,Somewhat satisfied,Somewhat satisfied,Somewhat satisfied,Somewhat satisfied,Somewhat dissatisfied,Somewhat dissatisfied,Somewhat satisfied,Neither satisfied nor dissatisfied,35-44 years old,Female,,"Some college, but no degree",Unemployed and looking for work,"$25,000-$49,999",Divorced/Separated,Yes,White,3,90001,CA
2021-06-15 09:39:36,2021-06-15 09:39:36,Imported,,,,True,2023-11-19 13:14:06,R_24AbSqu86cuUX5k,,,,,,,,,YumYum,Somewhat satisfied,Definitely will not,Very satisfied,Very satisfied,Somewhat satisfied,Very satisfied,Neither satisfied nor dissatisfied,Somewhat satisfied,Somewhat satisfied,Very satisfied,Neither satisfied nor dissatisfied,Very dissatisfied,25-34 years old,Male,,Bachelor’s degree,Working full-time,"$100,000-$149,999",Living with a partner,No,White,3,32509,FL
2021-06-15 09:39:36,2021-06-15 09:39:36,Imported,,,,True,2023-11-19 13:14:06,R_2cpLDp2AX7cs3zg,,,,,,,,,"YumYum,Hungryroot,Blue Apron",Neither satisfied nor dissatisfied,Definitely will,Somewhat satisfied,Very dissatisfied,Very satisfied,Somewhat dissatisfied,Neither satisfied nor dissatisfied,Very dissatisfied,Very dissatisfied,Neither satisfied nor dissatisfied,Somewhat dissatisfied,Very satisfied,25-34 years old,Male,,Bachelor’s degree,Working full-time,"Less than $25,000",Never been married,Yes,Black or African American,1,85037,AZ
2021-06-15 09:39:36,2021-06-15 09:39:36,Imported,,,,True,2023-11-19 13:14:06,R_2mZEIdOSceXQAPs,,,,,,,,,YumYum,Somewhat satisfied,Probably will,Somewhat satisfied,Somewhat satisfied,Very dissatisfied,Neither satisfied nor dissatisfied,Neither satisfied nor dissatisfied,Very dissatisfied,Neither satisfied nor dissatisfied,Very satisfied,Very satisfied,Somewhat dissatisfied,35-44 years old,Male,,Bachelor’s degree,Working full-time,"$25,000-$49,999",Living with a partner,Yes,White,2,32246,FL
2021-06-15 09:39:36,2021-06-15 09:39:36,Imported,,,,True,2023-11-19 13:14:06,R_2mdlMxge06lYmCq,,,,,,,,,YumYum,Very dissatisfied,Probably will,Very dissatisfied,Somewhat dissatisfied,Very dissatisfied,Somewhat satisfied,Somewhat satisfied,Neither satisfied nor dissatisfied,Somewhat satisfied,Neither satisfied nor dissatisfied,Very dissatisfied,Very satisfied,Under 18,Female,,Bachelor’s degree,Working part-time,"$75,000-$99,999",Never been married,No,White,2,8812,NJ
2021-06-15 09:39:36,2021-06-15 09:39:36,Imported,,,,True,2023-11-19 13:14:06,R_2n6Rxs9Aa3piKHk,,,,,,,,,"YumYum,HelloFresh,Some other brand",Very dissatisfied,Definitely will,Very dissatisfied,Very dissatisfied,Very dissatisfied,Very satisfied,Somewhat satisfied,Somewhat dissatisfied,Somewhat satisfied,Neither satisfied nor dissatisfied,Somewhat satisfied,Somewhat satisfied,25-34 years old,Female,,Bachelor’s degree,Other,"$150,000 or more ",Living with a partner,No,Black or African American,5,40245,KY
2021-06-15 09:39:36,2021-06-15 09:39:36,Imported,,,,True,2023-11-19 13:14:06,R_2sh2q376AphN8bA,,,,,,,,,"YumYum,HelloFresh",Somewhat satisfied,Might or might not,Somewhat satisfied,Somewhat satisfied,Neither satisfied nor dissatisfied,Very satisfied,Somewhat dissatisfied,Neither satisfied nor dissatisfied,Very satisfied,Somewhat satisfied,Somewhat satisfied,Neither satisfied nor dissatisfied,35-44 years old,Male,,Bachelor’s degree,Working full-time,"$100,000-$149,999",Never been married,Yes,"Asian,Native Hawaiian or Other Pacific Islander",1,57401,SD
2021-06-15 09:39:36,2021-06-15 09:39:36,Imported,,,,True,2023-11-19 13:14:06,R_3DbBLGBlmGkrUyi,,,,,,,,,YumYum,Somewhat satisfied,Might or might not,Very satisfied,Very satisfied,Somewhat satisfied,Neither satisfied nor dissatisfied,Somewhat satisfied,Very satisfied,Somewhat satisfied,Neither satisfied nor dissatisfied,Neither satisfied nor dissatisfied,Very satisfied,18-24 years old,Female,,Bachelor’s degree,Working full-time,"Less than $25,000",Living with a partner,No,American Indian or Alaska Native,2,45130,OH
2021-06-15 09:39:36,2021-06-15 09:39:36,Imported,,,,True,2023-11-19 13:14:06,R_3OuNWGIis5p6Pbw,,,,,,,,,YumYum,Somewhat satisfied,Might or might not,Neither satisfied nor dissatisfied,Neither satisfied nor dissatisfied,Neither satisfied nor dissatisfied,Somewhat satisfied,Very dissatisfied,Somewhat satisfied,Somewhat satisfied,Somewhat satisfied,Neither satisfied nor dissatisfied,Very dissatisfied,25-34 years old,Male,,Bachelor’s degree,Working full-time,"$25,000-$49,999",Never been married,No,White,1,91321,CA
2021-06-15 09:39:36,2021-06-15 09:39:36,Imported,,,,True,2023-11-19 13:14:06,R_3OweVeLOMRaE0rc,,,,,,,,,"YumYum,Home Chef,Some other brand",Very dissatisfied,Probably will,Very dissatisfied,Somewhat dissatisfied,Very dissatisfied,Somewhat satisfied,Neither satisfied nor dissatisfied,Neither satisfied nor dissatisfied,Very satisfied,Very satisfied,Neither satisfied nor dissatisfied,Neither satisfied nor dissatisfied,45-54 years old,Female,,Bachelor’s degree,Working part-time,"$150,000 or more ",Living with a partner,No,White,2,54115,WI
2021-06-15 09:39:36,2021-06-15 09:39:36,Imported,,,,True,2023-11-19 13:14:06,R_3UHV8I9U6BLyUYK,,,,,,,,,"YumYum,Dinnerly,Blue Apron",Neither satisfied nor dissatisfied,Might or might not,Somewhat satisfied,Neither satisfied nor dissatisfied,Somewhat dissatisfied,Somewhat satisfied,Somewhat satisfied,Somewhat satisfied,Neither satisfied nor dissatisfied,Very dissatisfied,Neither satisfied nor dissatisfied,Somewhat dissatisfied,35-44 years old,Male,,High school diploma or GED,A homemaker or stay-at-home parent,"$50,000-$74,999",Married,No,White,2,33602,FL
2021-06-15 09:39:36,2021-06-15 09:39:36,Imported,,,,True,2023-11-19 13:14:06,R_3WwCTysYJp47R9I,,,,,,,,,YumYum,Somewhat satisfied,Definitely will not,Very satisfied,Very satisfied,Somewhat satisfied,Neither satisfied nor dissatisfied,Neither satisfied nor dissatisfied,Very satisfied,Somewhat satisfied,Very satisfied,Neither satisfied nor dissatisfied,Neither satisfied nor dissatisfied,25-34 years old,Female,,Bachelor’s degree,A homemaker or stay-at-home parent,"$25,000-$49,999",Married,No,White,3,93621,CA
2021-06-15 09:39:36,2021-06-15 09:39:36,Imported,,,,True,2023-11-19 13:14:06,R_3a4rEiw0AgFzZga,,,,,,,,,YumYum,Very satisfied,Probably will not,Very satisfied,Very satisfied,Somewhat satisfied,Very satisfied,Somewhat dissatisfied,Somewhat dissatisfied,Somewhat dissatisfied,Somewhat satisfied,Somewhat satisfied,Neither satisfied nor dissatisfied,45-54 years old,Female,,Bachelor’s degree,Unemployed and looking for work,"$100,000-$149,999",Divorced/Separated,No,White,1,31510,GA
2021-06-15 09:39:36,2021-06-15 09:39:36,Imported,,,,True,2023-11-19 13:14:06,R_3atgjotvy2RKjH0,,,,,,,,,YumYum,Very satisfied,Definitely will not,Very satisfied,Very satisfied,Neither satisfied nor dissatisfied,Somewhat satisfied,Neither satisfied nor dissatisfied,Somewhat satisfied,Somewhat satisfied,Somewhat satisfied,Neither satisfied nor dissatisfied,Somewhat satisfied,18-24 years old,Female,,Bachelor’s degree,Working part-time,"$25,000-$49,999",Living with a partner,No,"Asian,Native Hawaiian or Other Pacific Islander",2,37211,TN
2021-06-15 09:39:36,2021-06-15 09:39:36,Imported,,,,True,2023-11-19 13:14:06,R_3gSEq6mMtv8zNfE,,,,,,,,,"YumYum,Some other brand",Very satisfied,Definitely will not,Very satisfied,Very satisfied,Neither satisfied nor dissatisfied,Very satisfied,Neither satisfied nor dissatisfied,Somewhat satisfied,Neither satisfied nor dissatisfied,Very satisfied,Neither satisfied nor dissatisfied,Very satisfied,55-64 years old,Male,,Bachelor’s degree,Working full-time,"$50,000-$74,999",Never been married,Yes,Black or African American,1,94521,CA
2021-06-15 09:39:36,2021-06-15 09:39:36,Imported,,,,True,2023-11-19 13:14:06,R_3k2oEP5Qo6S6laC,,,,,,,,,"YumYum,HelloFresh",Neither satisfied nor dissatisfied,Might or might not,Somewhat satisfied,Very satisfied,Somewhat dissatisfied,Neither satisfied nor dissatisfied,Very dissatisfied,Somewhat dissatisfied,Neither satisfied nor dissatisfied,Somewhat satisfied,Very satisfied,Very satisfied,35-44 years old,Female,,Bachelor’s degree,Working full-time,"$25,000-$49,999",Married,Yes,Black or African American,2,30094,GA
2021-06-15 09:39:36,2021-06-15 09:39:36,Imported,,,,True,2023-11-19 13:14:06,R_3sFMqyAM25X6RxA,,,,,,,,,"YumYum,Some other brand",Somewhat dissatisfied,Probably will not,Somewhat satisfied,Very satisfied,Neither satisfied nor dissatisfied,Neither satisfied nor dissatisfied,Somewhat dissatisfied,Somewhat dissatisfied,Neither satisfied nor dissatisfied,Somewhat satisfied,Neither satisfied nor dissatisfied,Somewhat satisfied,65+ years old,Female,,Bachelor’s degree,Working full-time,"$25,000-$49,999",Married,No,White,2,20019,DC
2021-06-15 09:39:36,2021-06-15 09:39:36,Imported,,,,True,2023-11-19 13:14:06,R_3sj5yTXk1mX6HDU,,,,,,,,,"YumYum,Hungryroot",Somewhat dissatisfied,Probably will,Somewhat satisfied,Somewhat dissatisfied,Somewhat dissatisfied,Somewhat dissatisfied,Very satisfied,Very dissatisfied,Somewhat dissatisfied,Very satisfied,Somewhat satisfied,Somewhat dissatisfied,18-24 years old,Male,,Bachelor’s degree,Student,"$50,000-$74,999",Never been married,No,Asian,1,92881,CA
2021-06-15 09:39:36,2021-06-15 09:39:36,Imported,,,,True,2023-11-19 13:14:06,R_3xhuia7ioDJ5Gom,,,,,,,,,YumYum,Very dissatisfied,Definitely will,Very dissatisfied,Very dissatisfied,Neither satisfied nor dissatisfied,Neither satisfied nor dissatisfied,Neither satisfied nor dissatisfied,Somewhat dissatisfied,Very satisfied,Very satisfied,Somewhat dissatisfied,Somewhat satisfied,65+ years old,Male,,High school diploma or GED,Retired,"$25,000-$49,999",Living with a partner,No,White,2,35226,AL
2021-06-15 09:39:36,2021-06-15 09:39:36,Imported,,,,True,2023-11-19 13:14:06,R_3yBy6QIuU5xMP2u,,,,,,,,,YumYum,Somewhat satisfied,Probably will not,Neither satisfied nor dissatisfied,Somewhat satisfied,Neither satisfied nor dissatisfied,Very satisfied,Very dissatisfied,Neither satisfied nor dissatisfied,Neither satisfied nor dissatisfied,Neither satisfied nor dissatisfied,Very satisfied,Somewhat satisfied,45-54 years old,Female,,"Graduate or professional degree (MA, MS, MBA, PhD, JD, MD, DDS)",Working full-time,"$150,000 or more ",Divorced/Separated,No,White,1,75149,TX
2021-06-15 09:39:36,2021-06-15 09:39:36,Imported,,,,True,2023-11-19 13:14:06,R_41LjXAOpLgmRAZ8,,,,,,,,,"YumYum,Dinnerly,HelloFresh",Very satisfied,Probably will not,Very satisfied,Very satisfied,Neither satisfied nor dissatisfied,Neither satisfied nor dissatisfied,Neither satisfied nor dissatisfied,Neither satisfied nor dissatisfied,Very dissatisfied,Neither satisfied nor dissatisfied,Very dissatisfied,Somewhat satisfied,65+ years old,Male,,Associates or technical degree,Retired,"$25,000-$49,999",Married,No,White,2,90020,CA
2021-06-15 09:39:36,2021-06-15 09:39:36,Imported,,,,True,2023-11-19 13:14:06,R_42AK3nEF6peU754,,,,,,,,,YumYum,Very satisfied,Probably will not,Very satisfied,Very satisfied,Neither satisfied nor dissatisfied,Very satisfied,Somewhat satisfied,Very satisfied,Very dissatisfied,Somewhat satisfied,Neither satisfied nor dissatisfied,Very dissatisfied,55-64 years old,Female,,Bachelor’s degree,Working full-time,"$50,000-$74,999",Never been married,Yes,White,1,10001,NY
2021-06-15 09:39:36,2021-06-15 09:39:36,Imported,,,,True,2023-11-19 13:14:06,R_4Je1qUkq44MD2Bg,,,,,,,,,"YumYum,HelloFresh,Hungryroot",Very dissatisfied,Probably will,Very dissatisfied,Somewhat dissatisfied,Somewhat satisfied,Somewhat dissatisfied,Neither satisfied nor dissatisfied,Very dissatisfied,Somewhat satisfied,Very satisfied,Very dissatisfied,Somewhat satisfied,45-54 years old,Male,,"Some college, but no degree",A homemaker or stay-at-home parent,"$25,000-$49,999",Divorced/Separated,No,Native Hawaiian or Other Pacific Islander,3,93030,CA
2021-06-15 09:39:36,2021-06-15 09:39:36,Imported,,,,True,2023-11-19 13:14:06,R_4JvRdxhUEfs6sGa,,,,,,,,,YumYum,Somewhat satisfied,Probably will,Somewhat satisfied,Neither satisfied nor dissatisfied,Somewhat dissatisfied,Neither satisfied nor dissatisfied,Neither satisfied nor dissatisfied,Neither satisfied nor dissatisfied,Neither satisfied nor dissatisfied,Very satisfied,Somewhat dissatisfied,Somewhat satisfied,45-54 years old,Male,,"Graduate or professional degree (MA, MS, MBA, PhD, JD, MD, DDS)",Unemployed and looking for work,"$75,000-$99,999",Living with a partner,No,White,2,43912,OH
2021-06-15 09:39:36,2021-06-15 09:39:36,Imported,,,,True,2023-11-19 13:14:06,R_4Nqnq2xdGKrR0JE,,,,,,,,,YumYum,Very satisfied,Probably will not,Very satisfied,Very satisfied,Neither satisfied nor dissatisfied,Somewhat satisfied,Neither satisfied nor dissatisfied,Very satisfied,Somewhat satisfied,Neither satisfied nor dissatisfied,Neither satisfied nor dissatisfied,Somewhat dissatisfied,25-34 years old,Male,,"Some college, but no degree",Working full-time,"$100,000-$149,999",Never been married,No,White,1,33810,FL
2021-06-15 09:39:36,2021-06-15 09:39:36,Imported,,,,True,2023-11-19 13:14:06,R_4OqXDVeOcW0nxs2,,,,,,,,,YumYum,Somewhat satisfied,Probably will not,Very satisfied,Very satisfied,Somewhat satisfied,Neither satisfied nor dissatisfied,Very dissatisfied,Somewhat satisfied,Somewhat satisfied,Somewhat satisfied,Very satisfied,Somewhat satisfied,18-24 years old,Female,,"Graduate or professional degree (MA, MS, MBA, PhD, JD, MD, DDS)",Working full-time,"$25,000-$49,999",Never been married,No,Black or African American,1,33196,FL
2021-06-15 09:39:36,2021-06-15 09:39:36,Imported,,,,True,2023-11-19 13:14:06,R_4VqLiacDgKrNWzc,,,,,,,,,YumYum,Very dissatisfied,Probably will,Very dissatisfied,Somewhat dissatisfied,Somewhat dissatisfied,Somewhat satisfied,Very satisfied,Very dissatisfied,Somewhat satisfied,Neither satisfied nor dissatisfied,Very dissatisfied,Very satisfied,45-54 years old,Male,,Bachelor’s degree,Working full-time,"$50,000-$74,999",Divorced/Separated,No,White,1,44138,OH
2021-06-15 09:39:36,2021-06-15 09:39:36,Imported,,,,True,2023-11-19 13:14:06,R_4ZKtVVti20MxpHg,,,,,,,,,"YumYum,Some other brand",Somewhat satisfied,Probably will not,Very satisfied,Very satisfied,Neither satisfied nor dissatisfied,Neither satisfied nor dissatisfied,Neither satisfied nor dissatisfied,Somewhat satisfied,Very satisfied,Very satisfied,Very satisfied,Neither satisfied nor dissatisfied,25-34 years old,Male,,Bachelor’s degree,Working part-time,"$75,000-$99,999",Married,No,White,2,10002,NY
2021-06-15 09:39:36,2021-06-15 09:39:36,Imported,,,,True,2023-11-19 13:14:06,R_4ZuEnDG66mKHH5I,,,,,,,,,"YumYum,Blue Apron",Somewhat satisfied,Might or might not,Very satisfied,Very satisfied,Neither satisfied nor dissatisfied,Very satisfied,Neither satisfied nor dissatisfied,Very satisfied,Neither satisfied nor dissatisfied,Somewhat satisfied,Neither satisfied nor dissatisfied,Somewhat satisfied,18-24 years old,Female,,Bachelor’s degree,Working full-time,"$75,000-$99,999",Never been married,No,White,1,13204,NY
2021-06-15 09:39:36,2021-06-15 09:39:36,Imported,,,,True,2023-11-19 13:14:06,R_552pnMpn1J2o0V8,,,,,,,,,"YumYum,Home Chef,Some other brand",Very dissatisfied,Definitely will,Very dissatisfied,Very dissatisfied,Very dissatisfied,Very satisfied,Very satisfied,Somewhat satisfied,Somewhat satisfied,Somewhat dissatisfied,Somewhat dissatisfied,Very satisfied,45-54 years old,Male,,Bachelor’s degree,Working full-time,"$100,000-$149,999",Divorced/Separated,No,"White,Native Hawaiian or Other Pacific Islander",1,33187,FL
2021-06-15 09:39:36,2021-06-15 09:39:36,Imported,,,,True,2023-11-19 13:14:06,R_5AoCyuWC8DhA9Wm,,,,,,,,,"YumYum,Home Chef",Somewhat dissatisfied,Probably will not,Very dissatisfied,Somewhat satisfied,Neither satisfied nor dissatisfied,Neither satisfied nor dissatisfied,Somewhat satisfied,Somewhat dissatisfied,Neither satisfied nor dissatisfied,Very satisfied,Somewhat dissatisfied,Somewhat dissatisfied,35-44 years old,Male,,High school diploma or GED,Student,"$25,000-$49,999",Divorced/Separated,No,White,1,11702,NY
2021-06-15 09:39:36,2021-06-15 09:39:36,Imported,,,,True,2023-11-19 13:14:06,R_5dq9BGhAo1gc7rM,,,,,,,,,YumYum,Neither satisfied nor dissatisfied,Might or might not,Neither satisfied nor dissatisfied,Very satisfied,Somewhat dissatisfied,Somewhat satisfied,Very dissatisfied,Somewhat dissatisfied,Somewhat satisfied,Somewhat satisfied,Neither satisfied nor dissatisfied,Somewhat satisfied,35-44 years old,Male,,Bachelor’s degree,Working full-time,"$25,000-$49,999",Married,No,Asian,4,33180,FL
2021-06-15 09:39:36,2021-06-15 09:39:36,Imported,,,,True,2023-11-19 13:14:06,R_5dvPJNmpiP95Afs,,,,,,,,,"YumYum,HelloFresh",Very satisfied,Probably will not,Very satisfied,Very satisfied,Somewhat dissatisfied,Very satisfied,Neither satisfied nor dissatisfied,Somewhat satisfied,Somewhat satisfied,Somewhat dissatisfied,Somewhat satisfied,Somewhat dissatisfied,65+ years old,Female,,Bachelor’s degree,Retired,"$150,000 or more ",Divorced/Separated,No,White,1,78503,TX
2021-06-15 09:39:36,2021-06-15 09:39:36,Imported,,,,True,2023-11-19 13:14:06,R_5gNgBVb8MTlnA4m,,,,,,,,,"YumYum,Home Chef,Dinnerly",Somewhat dissatisfied,Probably will not,Somewhat satisfied,Neither satisfied nor dissatisfied,Neither satisfied nor dissatisfied,Somewhat dissatisfied,Somewhat dissatisfied,Somewhat dissatisfied,Somewhat dissatisfied,Neither satisfied nor dissatisfied,Neither satisfied nor dissatisfied,Somewhat satisfied,45-54 years old,Male,,Bachelor’s degree,Working full-time,"$25,000-$49,999",Living with a partner,No,White,2,20002,DC
2021-06-15 09:39:36,2021-06-15 09:39:36,Imported,,,,True,2023-11-19 13:14:06,R_5vuUsU6kTSTdW5M,,,,,,,,,"YumYum,Blue Apron",Somewhat dissatisfied,Probably will not,Neither satisfied nor dissatisfied,Somewhat dissatisfied,Somewhat dissatisfied,Somewhat dissatisfied,Somewhat dissatisfied,Neither satisfied nor dissatisfied,Somewhat dissatisfied,Very satisfied,Neither satisfied nor dissatisfied,Somewhat satisfied,45-54 years old,Male,,High school diploma or GED,Unemployed and looking for work,"Less than $25,000",Married,No,Asian,4,90260,CA
2021-06-15 09:39:36,2021-06-15 09:39:36,Imported,,,,True,2023-11-19 13:14:06,R_6Jwz8zNqByv3HEy,,,,,,,,,YumYum,Somewhat satisfied,Probably will not,Somewhat satisfied,Somewhat satisfied,Neither satisfied nor dissatisfied,Neither satisfied nor dissatisfied,Neither satisfied nor dissatisfied,Somewhat satisfied,Neither satisfied nor dissatisfied,Very satisfied,Very satisfied,Somewhat dissatisfied,55-64 years old,Male,,Bachelor’s degree,Unemployed and looking for work,"$50,000-$74,999",Never been married,No,Asian,1,67212,KS
2021-06-15 09:39:36,2021-06-15 09:39:36,Imported,,,,True,2023-11-19 13:14:06,R_6Kb47y1lokahlki,,,,,,,,,"YumYum,Hungryroot,Some other brand",Very dissatisfied,Probably will,Somewhat satisfied,Somewhat dissatisfied,Very dissatisfied,Somewhat satisfied,Somewhat satisfied,Somewhat dissatisfied,Somewhat satisfied,Very satisfied,Somewhat satisfied,Somewhat dissatisfied,25-34 years old,Male,,High school diploma or GED,Working full-time,"$50,000-$74,999",Never been married,Yes,"White,Other",1,95240,CA
2021-06-15 09:39:36,2021-06-15 09:39:36,Imported,,,,True,2023-11-19 13:14:06,R_6VDroLTiehM5FXM,,,,,,,,,YumYum,Somewhat satisfied,Might or might not,Very satisfied,Very satisfied,Very dissatisfied,Very satisfied,Very dissatisfied,Neither satisfied nor dissatisfied,Somewhat satisfied,Somewhat satisfied,Somewhat satisfied,Neither satisfied nor dissatisfied,55-64 years old,Female,,"Graduate or professional degree (MA, MS, MBA, PhD, JD, MD, DDS)",Working full-time,"$100,000-$149,999",Divorced/Separated,Yes,White,1,20110,VA
2021-06-15 09:39:36,2021-06-15 09:39:36,Imported,,,,True,2023-11-19 13:14:06,R_6uonM8xF5k1quGO,,,,,,,,,"YumYum,Blue Apron,Some other brand",Very satisfied,Probably will not,Very satisfied,Very satisfied,Neither satisfied nor dissatisfied,Very satisfied,Somewhat satisfied,Somewhat satisfied,Somewhat dissatisfied,Neither satisfied nor dissatisfied,Neither satisfied nor dissatisfied,Very satisfied,45-54 years old,Male,,Bachelor’s degree,Working full-time,"$75,000-$99,999",Divorced/Separated,Yes,White,3,60513,IL
2021-06-15 09:39:36,2021-06-15 09:39:36,Imported,,,,True,2023-11-19 13:14:06,R_6xIC8wTNQCF2H1I,,,,,,,,,YumYum,Very satisfied,Definitely will not,Very satisfied,Very satisfied,Somewhat dissatisfied,Somewhat satisfied,Neither satisfied nor dissatisfied,Somewhat dissatisfied,Somewhat satisfied,Neither satisfied nor dissatisfied,Neither satisfied nor dissatisfied,Somewhat dissatisfied,18-24 years old,Female,,"Graduate or professional degree (MA, MS, MBA, PhD, JD, MD, DDS)",Working part-time,"$100,000-$149,999",Divorced/Separated,Yes,White,3,14202,NY
2021-06-15 09:39:36,2021-06-15 09:39:36,Imported,,,,True,2023-11-19 13:14:06,R_6zK0V74kx8m6KxM,,,,,,,,,"YumYum,Blue Apron",Very dissatisfied,Definitely will,Very dissatisfied,Very dissatisfied,Neither satisfied nor dissatisfied,Somewhat satisfied,Neither satisfied nor dissatisfied,Very dissatisfied,Somewhat satisfied,Somewhat satisfied,Somewhat satisfied,Somewhat satisfied,45-54 years old,Male,,Bachelor’s degree,Working full-time,"$75,000-$99,999",Never been married,Yes,"White,Black or African American",1,78418,TX
2021-06-15 09:39:36,2021-06-15 09:39:36,Imported,,,,True,2023-11-19 13:14:06,R_6zfKbG05IfjnOXI,,,,,,,,,YumYum,Somewhat satisfied,Probably will not,Very satisfied,Very satisfied,Somewhat satisfied,Somewhat satisfied,Somewhat satisfied,Very satisfied,Very satisfied,Somewhat satisfied,Somewhat satisfied,Somewhat dissatisfied,25-34 years old,Female,,Bachelor’s degree,Working full-time,"$50,000-$74,999",Married,No,White,3,98030,WA
2021-06-15 09:39:36,2021-06-15 09:39:36,Imported,,,,True,2023-11-19 13:14:06,R_7362C71ckO3D0Ue,,,,,,,,,"YumYum,Home Chef",Very satisfied,Probably will not,Very satisfied,Very satisfied,Somewhat satisfied,Somewhat satisfied,Somewhat satisfied,Very satisfied,Somewhat dissatisfied,Somewhat dissatisfied,Somewhat dissatisfied,Somewhat dissatisfied,35-44 years old,Female,,Bachelor’s degree,Working full-time,"$50,000-$74,999",Divorced/Separated,No,Black or African American,1,28501,NC
2021-06-15 09:39:36,2021-06-15 09:39:36,Imported,,,,True,2023-11-19 13:14:06,R_74HA0sOJp825k5o,,,,,,,,,"YumYum,Home Chef,Blue Apron",Very dissatisfied,Probably will not,Somewhat dissatisfied,Very dissatisfied,Neither satisfied nor dissatisfied,Somewhat dissatisfied,Neither satisfied nor dissatisfied,Very dissatisfied,Somewhat satisfied,Very satisfied,Somewhat dissatisfied,Somewhat dissatisfied,25-34 years old,Male,,Associates or technical degree,Working part-time,"$25,000-$49,999",Living with a partner,No,White,2,33185,FL
2021-06-15 09:39:36,2021-06-15 09:39:36,Imported,,,,True,2023-11-19 13:14:06,R_77BI9Uc9EXlmkhE,,,,,,,,,"YumYum,Dinnerly,Blue Apron",Very satisfied,Definitely will not,Very satisfied,Very satisfied,Neither satisfied nor dissatisfied,Somewhat satisfied,Neither satisfied nor dissatisfied,Neither satisfied nor dissatisfied,Neither satisfied nor dissatisfied,Somewhat satisfied,Somewhat satisfied,Neither satisfied nor dissatisfied,65+ years old,Female,,Bachelor’s degree,Retired,"$50,000-$74,999",Divorced/Separated,Yes,"White,Black or African American",1,75207,TX
2021-06-15 09:39:36,2021-06-15 09:39:36,Imported,,,,True,2023-11-19 13:14:06,R_79bgIcLziFISxEO,,,,,,,,,"YumYum,Blue Apron",Somewhat dissatisfied,Probably will,Very satisfied,Neither satisfied nor dissatisfied,Very dissatisfied,Somewhat satisfied,Neither satisfied nor dissatisfied,Very dissatisfied,Very satisfied,Somewhat satisfied,Neither satisfied nor dissatisfied,Somewhat dissatisfied,55-64 years old,Female,,Associates or technical degree,Working full-time,"$50,000-$74,999",Divorced/Separated,Yes,"White,Asian",1,94568,CA
2021-06-15 09:39:36,2021-06-15 09:39:36,Imported,,,,True,2023-11-19 13:14:06,R_80M4W2I05pOjbam,,,,,,,,,YumYum,Very dissatisfied,Probably will,Very dissatisfied,Somewhat dissatisfied,Neither satisfied nor dissatisfied,Very satisfied,Somewhat satisfied,Somewhat dissatisfied,Very satisfied,Somewhat satisfied,Somewhat satisfied,Somewhat satisfied,65+ years old,Male,,Bachelor’s degree,Retired,"$150,000 or more ",Widowed,Yes,"White,Other",1,10701,NY
2021-06-15 09:39:36,2021-06-15 09:39:36,Imported,,,,True,2023-11-19 13:14:06,R_80Te207NlxBY0SO,,,,,,,,,YumYum,Very satisfied,Probably will not,Very satisfied,Very satisfied,Neither satisfied nor dissatisfied,Somewhat satisfied,Very dissatisfied,Very satisfied,Very satisfied,Somewhat dissatisfied,Neither satisfied nor dissatisfied,Somewhat satisfied,35-44 years old,Female,,Bachelor’s degree,Working full-time,"$100,000-$149,999",Living with a partner,Yes,Black or African American,2,48893,MI
2021-06-15 09:39:36,2021-06-15 09:39:36,Imported,,,,True,2023-11-19 13:14:06,R_81CoEBvkyL59mXc,,,,,,,,,YumYum,Very satisfied,Definitely will not,Very satisfied,Very satisfied,Neither satisfied nor dissatisfied,Somewhat satisfied,Somewhat dissatisfied,Very satisfied,Neither satisfied nor dissatisfied,Very satisfied,Neither satisfied nor dissatisfied,Very dissatisfied,25-34 years old,Female,,Bachelor’s degree,Student,"$25,000-$49,999",Married,Yes,White,2,7305,NJ
2021-06-15 09:39:36,2021-06-15 09:39:36,Imported,,,,True,2023-11-19 13:14:06,R_87aXwEI9DftsjvU,,,,,,,,,"YumYum,Dinnerly",Very satisfied,Definitely will not,Very satisfied,Very satisfied,Neither satisfied nor dissatisfied,Neither satisfied nor dissatisfied,Neither satisfied nor dissatisfied,Very satisfied,Neither satisfied nor dissatisfied,Neither satisfied nor dissatisfied,Neither satisfied nor dissatisfied,Somewhat dissatisfied,18-24 years old,Female,,Bachelor’s degree,Working full-time,"$50,000-$74,999",Living with a partner,No,White,2,95380,CA
2021-06-15 09:39:36,2021-06-15 09:39:36,Imported,,,,True,2023-11-19 13:14:06,R_8BaZHNj951DTHOS,,,,,,,,,YumYum,Somewhat satisfied,Might or might not,Somewhat satisfied,Neither satisfied nor dissatisfied,Somewhat satisfied,Somewhat satisfied,Somewhat dissatisfied,Somewhat dissatisfied,Very satisfied,Very satisfied,Neither satisfied nor dissatisfied,Somewhat satisfied,55-64 years old,Male,,Bachelor’s degree,Working part-time,"$50,000-$74,999",Divorced/Separated,Yes,Asian,2,6708,CT
2021-06-15 09:39:36,2021-06-15 09:39:36,Imported,,,,True,2023-11-19 13:14:06,R_8JqbOUz407Cp8iy,,,,,,,,,YumYum,Very satisfied,Probably will not,Very satisfied,Very satisfied,Very dissatisfied,Somewhat satisfied,Very satisfied,Somewhat dissatisfied,Neither satisfied nor dissatisfied,Neither satisfied nor dissatisfied,Somewhat satisfied,Very satisfied,45-54 years old,Female,,Bachelor’s degree,Working full-time,"$50,000-$74,999",Living with a partner,No,White,2,34741,FL
2021-06-15 09:39:36,2021-06-15 09:39:36,Imported,,,,True,2023-11-19 13:14:06,R_8chhlAhCMUyi2A6,,,,,,,,,"YumYum,Dinnerly,HelloFresh",Very dissatisfied,Probably will,Somewhat dissatisfied,Very dissatisfied,Neither satisfied nor dissatisfied,Somewhat satisfied,Somewhat satisfied,Very dissatisfied,Somewhat satisfied,Very satisfied,Somewhat dissatisfied,Somewhat satisfied,25-34 years old,Male,,Bachelor’s degree,Working full-time,"$50,000-$74,999",Married,No,"White,Other",2,33186,FL
2021-06-15 09:39:36,2021-06-15 09:39:36,Imported,,,,True,2023-11-19 13:14:06,R_8qXPfxVrxIb4rJQ,,,,,,,,,"YumYum,Dinnerly,Hungryroot",Very dissatisfied,Probably will not,Very satisfied,Neither satisfied nor dissatisfied,Somewhat dissatisfied,Somewhat satisfied,Very satisfied,Very dissatisfied,Somewhat satisfied,Somewhat dissatisfied,Neither satisfied nor dissatisfied,Very satisfied,25-34 years old,Male,,High school diploma or GED,Working full-time,"$25,000-$49,999",Never been married,Yes,"White,Other",1,85301,AZ
2021-06-15 09:39:36,2021-06-15 09:39:36,Imported,,,,True,2023-11-19 13:14:06,R_9Nt9zozGORxFvhk,,,,,,,,,YumYum,Somewhat satisfied,Probably will not,Very satisfied,Very satisfied,Somewhat satisfied,Neither satisfied nor dissatisfied,Neither satisfied nor dissatisfied,Somewhat satisfied,Somewhat satisfied,Very satisfied,Somewhat satisfied,Very satisfied,18-24 years old,Male,,Bachelor’s degree,Unemployed and looking for work,"Less than $25,000",Never been married,No,White,1,60025,IL
2021-06-15 09:39:36,2021-06-15 09:39:36,Imported,,,,True,2023-11-19 13:14:06,R_9yTcROSOwTQwreC,,,,,,,,,"YumYum,Hungryroot",Somewhat satisfied,Probably will not,Very satisfied,Neither satisfied nor dissatisfied,Neither satisfied nor dissatisfied,Somewhat satisfied,Very dissatisfied,Somewhat dissatisfied,Neither satisfied nor dissatisfied,Very satisfied,Very satisfied,Neither satisfied nor dissatisfied,45-54 years old,Male,,Bachelor’s degree,Working full-time,"$50,000-$74,999",Married,Yes,"White,Black or African American,Asian",3,44102,OH
2021-06-15 09:39:36,2021-06-15 09:39:36,Imported,,,,True,2023-11-19 13:14:06,R_a66JISfVwBX6f30,,,,,,,,,"YumYum,Blue Apron",Neither satisfied nor dissatisfied,Might or might not,Somewhat satisfied,Somewhat satisfied,Neither satisfied nor dissatisfied,Somewhat satisfied,Somewhat dissatisfied,Neither satisfied nor dissatisfied,Somewhat satisfied,Very satisfied,Very satisfied,Somewhat satisfied,25-34 years old,Female,,Some high school or less,Working part-time,"$25,000-$49,999",Never been married,No,Asian,1,89169,NV
2021-06-15 09:39:36,2021-06-15 09:39:36,Imported,,,,True,2023-11-19 13:14:06,R_a9s3IvAdgugNqQu,,,,,,,,,"YumYum,Some other brand",Very satisfied,Definitely will not,Very satisfied,Very satisfied,Neither satisfied nor dissatisfied,Very satisfied,Very satisfied,Very satisfied,Somewhat satisfied,Very satisfied,Neither satisfied nor dissatisfied,Somewhat dissatisfied,25-34 years old,Female,,Bachelor’s degree,Working part-time,"$100,000-$149,999",Divorced/Separated,No,Black or African American,2,7032,NJ
2021-06-15 09:39:36,2021-06-15 09:39:36,Imported,,,,True,2023-11-19 13:14:06,R_a9tolfmXdQHRg7s,,,,,,,,,"YumYum,HelloFresh",Very satisfied,Definitely will not,Very satisfied,Very satisfied,Neither satisfied nor dissatisfied,Neither satisfied nor dissatisfied,Somewhat dissatisfied,Somewhat satisfied,Somewhat satisfied,Neither satisfied nor dissatisfied,Somewhat satisfied,Neither satisfied nor dissatisfied,18-24 years old,Male,,"Graduate or professional degree (MA, MS, MBA, PhD, JD, MD, DDS)",Student,"$25,000-$49,999",Never been married,No,Black or African American,1,10472,NY
2021-06-15 09:39:36,2021-06-15 09:39:36,Imported,,,,True,2023-11-19 13:14:06,R_aWuFui1qM5bsBYa,,,,,,,,,"YumYum,HelloFresh",Somewhat satisfied,Probably will not,Very satisfied,Very satisfied,Very satisfied,Somewhat satisfied,Very dissatisfied,Very satisfied,Somewhat satisfied,Very satisfied,Very satisfied,Very satisfied,18-24 years old,Male,,Bachelor’s degree,Working full-time,"$100,000-$149,999",Never been married,No,White,1,75052,TX
2021-06-15 09:39:36,2021-06-15 09:39:36,Imported,,,,True,2023-11-19 13:14:06,R_ac4wg6yzrJ5Mgjc,,,,,,,,,YumYum,Neither satisfied nor dissatisfied,Might or might not,Neither satisfied nor dissatisfied,Somewhat satisfied,Somewhat dissatisfied,Somewhat satisfied,Somewhat dissatisfied,Neither satisfied nor dissatisfied,Somewhat satisfied,Neither satisfied nor dissatisfied,Neither satisfied nor dissatisfied,Somewhat dissatisfied,45-54 years old,Male,,"Graduate or professional degree (MA, MS, MBA, PhD, JD, MD, DDS)",Working full-time,"$100,000-$149,999",Married,Yes,White,3,2905,RI
2021-06-15 09:39:36,2021-06-15 09:39:36,Imported,,,,True,2023-11-19 13:14:06,R_aeCzBKg6uDN0uOi,,,,,,,,,YumYum,Somewhat satisfied,Definitely will not,Very satisfied,Very satisfied,Neither satisfied nor dissatisfied,Very satisfied,Very dissatisfied,Very satisfied,Neither satisfied nor dissatisfied,Somewhat satisfied,Somewhat satisfied,Somewhat satisfied,25-34 years old,Female,,Bachelor’s degree,Unemployed and looking for work,"$100,000-$149,999",Divorced/Separated,No,White,1,60660,IL
2021-06-15 09:39:36,2021-06-15 09:39:36,Imported,,,,True,2023-11-19 13:14:06,R_afalKjXW4NEumzk,,,,,,,,,YumYum,Very dissatisfied,Definitely will,Very dissatisfied,Very dissatisfied,Very dissatisfied,Very dissatisfied,Neither satisfied nor dissatisfied,Very dissatisfied,Somewhat satisfied,Neither satisfied nor dissatisfied,Somewhat satisfied,Very satisfied,Under 18,Male,,Bachelor’s degree,Student,"Less than $25,000",Never been married,No,Native Hawaiian or Other Pacific Islander,4,2302,MA
2021-06-15 09:39:36,2021-06-15 09:39:36,Imported,,,,True,2023-11-19 13:14:06,R_b9MNfBuUVcgou7I,,,,,,,,,"YumYum,Blue Apron,Some other brand",Very dissatisfied,Definitely will,Very dissatisfied,Very dissatisfied,Somewhat dissatisfied,Very satisfied,Very satisfied,Neither satisfied nor dissatisfied,Somewhat satisfied,Very satisfied,Neither satisfied nor dissatisfied,Somewhat satisfied,45-54 years old,Female,,Bachelor’s degree,Working full-time,"$50,000-$74,999",Married,No,Black or African American,3,28056,NC
2021-06-15 09:39:36,2021-06-15 09:39:36,Imported,,,,True,2023-11-19 13:14:06,R_bIolwMgsamGkNo2,,,,,,,,,"YumYum,Some other brand",Very dissatisfied,Definitely will,Very dissatisfied,Very dissatisfied,Very dissatisfied,Very satisfied,Neither satisfied nor dissatisfied,Somewhat satisfied,Very satisfied,Somewhat satisfied,Neither satisfied nor dissatisfied,Neither satisfied nor dissatisfied,35-44 years old,Male,,"Graduate or professional degree (MA, MS, MBA, PhD, JD, MD, DDS)",Other,"$150,000 or more ",Living with a partner,No,American Indian or Alaska Native,2,78415,TX
2021-06-15 09:39:36,2021-06-15 09:39:36,Imported,,,,True,2023-11-19 13:14:06,R_beWWi0zNvXJAlmu,,,,,,,,,"YumYum,HelloFresh,Blue Apron",Somewhat satisfied,Probably will not,Very satisfied,Very satisfied,Somewhat satisfied,Somewhat satisfied,Somewhat dissatisfied,Somewhat satisfied,Neither satisfied nor dissatisfied,Very satisfied,Somewhat satisfied,Neither satisfied nor dissatisfied,35-44 years old,Female,,Bachelor’s degree,Working full-time,"$25,000-$49,999",Married,Yes,"White,Asian",2,1810,MA
2021-06-15 09:39:36,2021-06-15 09:39:36,Imported,,,,True,2023-11-19 13:14:06,R_bfQHmtFrgKzXynA,,,,,,,,,"YumYum,Blue Apron",Very satisfied,Probably will not,Very satisfied,Very satisfied,Somewhat satisfied,Somewhat satisfied,Somewhat satisfied,Neither satisfied nor dissatisfied,Neither satisfied nor dissatisfied,Neither satisfied nor dissatisfied,Neither satisfied nor dissatisfied,Somewhat satisfied,25-34 years old,Male,,Bachelor’s degree,Student,"$75,000-$99,999",Living with a partner,No,White,2,43302,OH
2021-06-15 09:39:36,2021-06-15 09:39:36,Imported,,,,True,2023-11-19 13:14:06,R_bpEm6T4ZbATg8iG,,,,,,,,,YumYum,Very dissatisfied,Probably will,Very dissatisfied,Somewhat dissatisfied,Neither satisfied nor dissatisfied,Somewhat satisfied,Neither satisfied nor dissatisfied,Very dissatisfied,Very satisfied,Neither satisfied nor dissatisfied,Somewhat dissatisfied,Somewhat satisfied,35-44 years old,Male,,"Graduate or professional degree (MA, MS, MBA, PhD, JD, MD, DDS)",Working full-time,"$100,000-$149,999",Married,No,White,3,32209,FL
2021-06-15 09:39:36,2021-06-15 09:39:36,Imported,,,,True,2023-11-19 13:14:06,R_bxdP6pGXzAfS1X8,,,,,,,,,YumYum,Somewhat satisfied,Might or might not,Very satisfied,Very satisfied,Very satisfied,Somewhat satisfied,Neither satisfied nor dissatisfied,Somewhat satisfied,Neither satisfied nor dissatisfied,Somewhat satisfied,Somewhat satisfied,Very dissatisfied,25-34 years old,Female,,"Graduate or professional degree (MA, MS, MBA, PhD, JD, MD, DDS)",A homemaker or stay-at-home parent,"$75,000-$99,999",Married,No,White,2,37172,TN
2021-06-15 09:39:36,2021-06-15 09:39:36,Imported,,,,True,2023-11-19 13:14:06,R_cCjPh6WLv2UJQTs,,,,,,,,,YumYum,Very satisfied,Definitely will not,Very satisfied,Very satisfied,Somewhat satisfied,Somewhat satisfied,Neither satisfied nor dissatisfied,Neither satisfied nor dissatisfied,Neither satisfied nor dissatisfied,Neither satisfied nor dissatisfied,Very dissatisfied,Neither satisfied nor dissatisfied,55-64 years old,Male,,Bachelor’s degree,Working full-time,"$75,000-$99,999",Never been married,Yes,White,1,60073,IL
2021-06-15 09:39:36,2021-06-15 09:39:36,Imported,,,,True,2023-11-19 13:14:06,R_cLQb05Z7l62t2S2,,,,,,,,,YumYum,Somewhat satisfied,Definitely will not,Somewhat satisfied,Very dissatisfied,Somewhat satisfied,Very satisfied,Somewhat satisfied,Neither satisfied nor dissatisfied,Very dissatisfied,Neither satisfied nor dissatisfied,Somewhat satisfied,Neither satisfied nor dissatisfied,25-34 years old,Female,,Bachelor’s degree,Working full-time,"$150,000 or more ",Living with a partner,No,White,2,90202,CA
2021-06-15 09:39:36,2021-06-15 09:39:36,Imported,,,,True,2023-11-19 13:14:06,R_cMEBXfILTCBThRA,,,,,,,,,"YumYum,Dinnerly,Hungryroot",Neither satisfied nor dissatisfied,Probably will not,Neither satisfied nor dissatisfied,Very dissatisfied,Neither satisfied nor dissatisfied,Somewhat satisfied,Neither satisfied nor dissatisfied,Somewhat dissatisfied,Neither satisfied nor dissatisfied,Somewhat satisfied,Very dissatisfied,Somewhat satisfied,18-24 years old,Female,,"Graduate or professional degree (MA, MS, MBA, PhD, JD, MD, DDS)",Working full-time,"$150,000 or more ",Living with a partner,No,White,2,33617,FL
2021-06-15 09:39:36,2021-06-15 09:39:36,Imported,,,,True,2023-11-19 13:14:06,R_cMXYy5gFe6rFYA6,,,,,,,,,"YumYum,HelloFresh,Some other brand",Very dissatisfied,Probably will not,Somewhat satisfied,Neither satisfied nor dissatisfied,Somewhat dissatisfied,Somewhat dissatisfied,Neither satisfied nor dissatisfied,Somewhat dissatisfied,Neither satisfied nor dissatisfied,Neither satisfied nor dissatisfied,Somewhat satisfied,Somewhat satisfied,35-44 years old,Male,,Bachelor’s degree,Working part-time,"$50,000-$74,999",Married,No,White,4,91767,CA
2021-06-15 09:39:36,2021-06-15 09:39:36,Imported,,,,True,2023-11-19 13:14:06,R_cORhmAQJZTSmPB4,,,,,,,,,YumYum,Very dissatisfied,Probably will,Very dissatisfied,Somewhat dissatisfied,Very dissatisfied,Somewhat dissatisfied,Neither satisfied nor dissatisfied,Very dissatisfied,Somewhat satisfied,Neither satisfied nor dissatisfied,Somewhat satisfied,Somewhat satisfied,35-44 years old,Female,,High school diploma or GED,A homemaker or stay-at-home parent,"Less than $25,000",Married,No,White,4,77002,TX
2021-06-15 09:39:36,2021-06-15 09:39:36,Imported,,,,True,2023-11-19 13:14:06,R_cPm0Mozq4gZpah8,,,,,,,,,"YumYum,Hungryroot",Very satisfied,Definitely will not,Very satisfied,Very satisfied,Neither satisfied nor dissatisfied,Somewhat satisfied,Neither satisfied nor dissatisfied,Somewhat satisfied,Somewhat dissatisfied,Very satisfied,Somewhat dissatisfied,Neither satisfied nor dissatisfied,25-34 years old,Male,,"Some college, but no degree",Working full-time,"$25,000-$49,999",Living with a partner,No,White,1,33410,FL
2021-06-15 09:39:36,2021-06-15 09:39:36,Imported,,,,True,2023-11-19 13:14:06,R_cvTpg0YW5xMnDOS,,,,,,,,,YumYum,Very satisfied,Definitely will not,Very satisfied,Very satisfied,Neither satisfied nor dissatisfied,Neither satisfied nor dissatisfied,Very dissatisfied,Somewhat satisfied,Somewhat satisfied,Somewhat satisfied,Somewhat satisfied,Somewhat dissatisfied,25-34 years old,Male,,Bachelor’s degree,Working full-time,"$50,000-$74,999",Married,No,White,2,33811,FL
2021-06-15 09:39:36,2021-06-15 09:39:36,Imported,,,,True,2023-11-19 13:14:06,R_dcmQwZM82QfOJy6,,,,,,,,,"YumYum,Home Chef",Somewhat satisfied,Might or might not,Neither satisfied nor dissatisfied,Somewhat satisfied,Neither satisfied nor dissatisfied,Very satisfied,Very dissatisfied,Somewhat dissatisfied,Neither satisfied nor dissatisfied,Somewhat satisfied,Somewhat satisfied,Very satisfied,65+ years old,Male,,High school diploma or GED,Retired,"$50,000-$74,999",Widowed,No,Black or African American,1,11553,NY
2021-06-15 09:39:36,2021-06-15 09:39:36,Imported,,,,True,2023-11-19 13:14:06,R_e8Mzxgpef6VkY1U,,,,,,,,,"YumYum,Dinnerly",Very dissatisfied,Definitely will,Very dissatisfied,Very dissatisfied,Somewhat dissatisfied,Very dissatisfied,Somewhat satisfied,Very dissatisfied,Very satisfied,Neither satisfied nor dissatisfied,Somewhat satisfied,Neither satisfied nor dissatisfied,Under 18,Female,,High school diploma or GED,Student,"$25,000-$49,999",Never been married,No,"Asian,Other",1,95301,CA
2021-06-15 09:39:36,2021-06-15 09:39:36,Imported,,,,True,2023-11-19 13:14:06,R_e9EtbNPKhmq3L6u,,,,,,,,,"YumYum,Home Chef",Very dissatisfied,Definitely will,Very dissatisfied,Somewhat dissatisfied,Very dissatisfied,Neither satisfied nor dissatisfied,Somewhat satisfied,Very dissatisfied,Very satisfied,Very satisfied,Somewhat dissatisfied,Somewhat satisfied,55-64 years old,Male,,"Graduate or professional degree (MA, MS, MBA, PhD, JD, MD, DDS)",A homemaker or stay-at-home parent,"$50,000-$74,999",Living with a partner,No,White,3,90701,CA
2021-06-15 09:39:36,2021-06-15 09:39:36,Imported,,,,True,2023-11-19 13:14:06,R_e9H7N3mQL1uD6gm,,,,,,,,,YumYum,Very satisfied,Probably will not,Very satisfied,Very satisfied,Somewhat dissatisfied,Very satisfied,Neither satisfied nor dissatisfied,Very satisfied,Very satisfied,Very satisfied,Somewhat satisfied,Very satisfied,45-54 years old,Male,,Bachelor’s degree,A homemaker or stay-at-home parent,"$100,000-$149,999",Divorced/Separated,No,,3,16912,PA
2021-06-15 09:39:36,2021-06-15 09:39:36,Imported,,,,True,2023-11-19 13:14:06,R_e9SE9YE5htTwwhE,,,,,,,,,"YumYum,Dinnerly",Neither satisfied nor dissatisfied,Might or might not,Somewhat satisfied,Somewhat satisfied,Somewhat dissatisfied,Neither satisfied nor dissatisfied,Very dissatisfied,Neither satisfied nor dissatisfied,Somewhat satisfied,Somewhat satisfied,Somewhat satisfied,Somewhat satisfied,65+ years old,Female,,High school diploma or GED,Retired,"$25,000-$49,999",Widowed,No,White,1,6702,CT
2021-06-15 09:39:36,2021-06-15 09:39:36,Imported,,,,True,2023-11-19 13:14:06,R_eKXv1v8aK0SHRFc,,,,,,,,,"YumYum,Blue Apron",Neither satisfied nor dissatisfied,Probably will not,Neither satisfied nor dissatisfied,Neither satisfied nor dissatisfied,Somewhat dissatisfied,Neither satisfied nor dissatisfied,Somewhat dissatisfied,Somewhat satisfied,Somewhat satisfied,Very satisfied,Somewhat satisfied,Neither satisfied nor dissatisfied,35-44 years old,Male,,"Some college, but no degree",A homemaker or stay-at-home parent,"Less than $25,000",Married,No,"Black or African American,Asian",3,11106,NY
2021-06-15 09:39:36,2021-06-15 09:39:36,Imported,,,,True,2023-11-19 13:14:06,R_eKywZlvUObl2HOK,,,,,,,,,"YumYum,Home Chef",Somewhat dissatisfied,Definitely will,Very dissatisfied,Somewhat dissatisfied,Somewhat dissatisfied,Somewhat dissatisfied,Neither satisfied nor dissatisfied,Somewhat dissatisfied,Very dissatisfied,Neither satisfied nor dissatisfied,Neither satisfied nor dissatisfied,Somewhat dissatisfied,35-44 years old,Female,,Bachelor’s degree,Working full-time,"$50,000-$74,999",Married,No,White,4,62901,IL
2021-06-15 09:39:36,2021-06-15 09:39:36,Imported,,,,True,2023-11-19 13:14:06,R_efH3sgyWAbdz3sG,,,,,,,,,YumYum,Somewhat dissatisfied,Probably will,Very satisfied,Neither satisfied nor dissatisfied,Very dissatisfied,Somewhat satisfied,Neither satisfied nor dissatisfied,Somewhat dissatisfied,Somewhat dissatisfied,Very satisfied,Somewhat satisfied,Somewhat dissatisfied,35-44 years old,Female,,Bachelor’s degree,Working full-time,"$50,000-$74,999",Married,No,White,4,30088,GA
2021-06-15 09:39:36,2021-06-15 09:39:36,Imported,,,,True,2023-11-19 13:14:06,R_egkMIyXuo08Ziei,,,,,,,,,"YumYum,HelloFresh",Somewhat satisfied,Probably will not,Very satisfied,Very satisfied,Very satisfied,Neither satisfied nor dissatisfied,Somewhat satisfied,Very satisfied,Somewhat satisfied,Neither satisfied nor dissatisfied,Neither satisfied nor dissatisfied,Somewhat satisfied,18-24 years old,Female,,"Some college, but no degree",Working full-time,"$25,000-$49,999",Never been married,No,White,2,46131,IN
2021-06-15 09:39:36,2021-06-15 09:39:36,Imported,,,,True,2023-11-19 13:14:06,R_emIZbMJJXlNt71Q,,,,,,,,,YumYum,Very satisfied,Probably will not,Very satisfied,Very satisfied,Neither satisfied nor dissatisfied,Very satisfied,Somewhat satisfied,Neither satisfied nor dissatisfied,Neither satisfied nor dissatisfied,Somewhat dissatisfied,Somewhat satisfied,Neither satisfied nor dissatisfied,45-54 years old,Female,,Bachelor’s degree,Working full-time,"$150,000 or more ",Divorced/Separated,Yes,White,3,98105,WA
2021-06-15 09:39:36,2021-06-15 09:39:36,Imported,,,,True,2023-11-19 13:14:06,R_exKQDabGbvwwfGe,,,,,,,,,"YumYum,Some other brand",Neither satisfied nor dissatisfied,Definitely will not,Very satisfied,Somewhat satisfied,Neither satisfied nor dissatisfied,Neither satisfied nor dissatisfied,Neither satisfied nor dissatisfied,Very dissatisfied,Somewhat satisfied,Very dissatisfied,Neither satisfied nor dissatisfied,Neither satisfied nor dissatisfied,35-44 years old,Male,,"Some college, but no degree",Other,"Less than $25,000",Divorced/Separated,No,White,1,90033,CA
2021-06-15 09:39:36,2021-06-15 09:39:36,Imported,,,,True,2023-11-19 13:14:06,R_eyfA9zQlzYAmIhU,,,,,,,,,YumYum,Very dissatisfied,Definitely will,Very dissatisfied,Very dissatisfied,Somewhat dissatisfied,Neither satisfied nor dissatisfied,Neither satisfied nor dissatisfied,Somewhat dissatisfied,Somewhat satisfied,Neither satisfied nor dissatisfied,Somewhat dissatisfied,Somewhat satisfied,55-64 years old,Female,,"Graduate or professional degree (MA, MS, MBA, PhD, JD, MD, DDS)",Unemployed and looking for work,"$25,000-$49,999",Never been married,No,White,1,93616,CA
2021-06-15 09:39:36,2021-06-15 09:39:36,Imported,,,,True,2023-11-19 13:14:06,R_6J3nZGYpHhmnuBw,,,,,,,,,"YumYum,Blue Apron",Very dissatisfied,Probably will,Very dissatisfied,Very dissatisfied,Somewhat dissatisfied,Somewhat satisfied,Somewhat satisfied,Very dissatisfied,Very satisfied,Very satisfied,Somewhat satisfied,Neither satisfied nor dissatisfied,35-44 years old,Female,,Bachelor’s degree,Unemployed and looking for work,"$75,000-$99,999",Widowed,No,White,1,7093,NJ
2021-06-15 09:39:36,2021-06-15 09:39:36,Imported,,,,True,2023-11-19 13:14:06,R_bPLlJHO2hSr6Dfo,,,,,,,,,"YumYum,Dinnerly",Somewhat satisfied,Definitely will not,Very satisfied,Very satisfied,Somewhat satisfied,Neither satisfied nor dissatisfied,Neither satisfied nor dissatisfied,Somewhat satisfied,Somewhat satisfied,Neither satisfied nor dissatisfied,Very satisfied,Neither satisfied nor dissatisfied,25-34 years old,Female,,"Some college, but no degree",Working full-time,"$75,000-$99,999",Living with a partner,No,"White,Black or African American",2,92551,CA
2021-06-15 09:39:36,2021-06-15 09:39:36,Imported,,,,True,2023-11-19 13:14:06,R_eF3pg61MUReYdYW,,,,,,,,,"YumYum,HelloFresh,Some other brand",Very satisfied,Probably will not,Very satisfied,Very satisfied,Neither satisfied nor dissatisfied,Very satisfied,Very satisfied,Very satisfied,Somewhat dissatisfied,Very satisfied,Very dissatisfied,Somewhat dissatisfied,45-54 years old,Male,,Bachelor’s degree,Retired,"$75,000-$99,999",Married,Yes,Asian,3,7083,NJ
